﻿{
    "Data": [
        {
            "Id": 1001,
            "Name": "buqiangbing",
            "Hp": 6,
            "Scopedamage": 0.0,
            "Deadaudio": [
                32,
                2323,
                44,
                3332,
                11
            ]
        },
        {
            "Id": 1002,
            "Name": "jiqiangbing",
            "Hp": 6,
            "Scopedamage": 0.0,
            "Deadaudio": [
                32,
                2323,
                44,
                3332,
                11
            ]
        },
        {
            "Id": 1003,
            "Name": "cidaobing",
            "Hp": 6,
            "Scopedamage": 0.0,
            "Deadaudio": [
                32,
                2323,
                44,
                3332,
                11
            ]
        },
        {
            "Id": 1004,
            "Name": "huojiantongbing",
            "Hp": 6,
            "Scopedamage": 5.0,
            "Deadaudio": [
                32,
                2323,
                44,
                3332,
                11
            ]
        },
        {
            "Id": 1005,
            "Name": "shouleibing",
            "Hp": 6,
            "Scopedamage": 4.0,
            "Deadaudio": [
                32,
                2323,
                44,
                3332,
                11
            ]
        },
        {
            "Id": 1006,
            "Name": "zibaobing",
            "Hp": 6,
            "Scopedamage": 5.0,
            "Deadaudio": [
                32,
                2323,
                44,
                3332,
                11
            ]
        },
        {
            "Id": 1007,
            "Name": "zhihuiguan",
            "Hp": 15,
            "Scopedamage": 0.0,
            "Deadaudio": [
                32,
                2323,
                44,
                3332,
                11
            ]
        },
        {
            "Id": 1008,
            "Name": "motuochebing",
            "Hp": 30,
            "Scopedamage": 0.0,
            "Deadaudio": [
                32,
                2323,
                44,
                3332,
                11
            ]
        },
        {
            "Id": 1009,
            "Name": "paijipaobing",
            "Hp": 9,
            "Scopedamage": 5.0,
            "Deadaudio": [
                32,
                2323,
                44,
                3332,
                11
            ]
        },
        {
            "Id": 1010,
            "Name": "tanke",
            "Hp": 1400,
            "Scopedamage": 5.0,
            "Deadaudio": [
                32,
                2323,
                44,
                3332,
                11
            ]
        },
        {
            "Id": 1011,
            "Name": "tanke2",
            "Hp": 500,
            "Scopedamage": 5.0,
            "Deadaudio": [
                32,
                2323,
                44,
                3332,
                11
            ]
        },
        {
            "Id": 1012,
            "Name": "feiji",
            "Hp": 600,
            "Scopedamage": 1.0,
            "Deadaudio": [
                32,
                2323,
                44,
                3332,
                11
            ]
        },
        {
            "Id": 1013,
            "Name": "P1000",
            "Hp": 10000,
            "Scopedamage": 1.0,
            "Deadaudio": [
                32,
                2323,
                44,
                3332,
                11
            ]
        },
        {
            "Id": 1014,
            "Name": "he111",
            "Hp": 10,
            "Scopedamage": 1.0,
            "Deadaudio": [
                32,
                2323,
                44,
                3332,
                11
            ]
        }
    ]
}
